Country,Value,Date,%Growth
BRUNEI,1.45,2014-01-01,-6.86
CAMBODIA,19.31,2014-01-01,101.76
INDONESIA,392.30,2014-01-01,-6.20
LAO PD RP,4.19,2014-01-01,116.23
MALAYSIA,276.19,2014-01-01,-59.11
MYANMAR,127.84,2014-01-01,137.31
PHILIPPINES,145.52,2014-01-01,51.38
SINGAPORE,450.03,2014-01-01,-53.32
THAILAND,279.64,2014-01-01,-24.84
VIETNAM SOC REP,453.49,2014-01-01,-2.34
BRUNEI,1.45,2014-02-01,-6.86
CAMBODIA,19.31,2014-02-01,101.76
INDONESIA,392.30,2014-02-01,-6.20
LAO PD RP,4.19,2014-02-01,116.23
MALAYSIA,276.19,2014-02-01,-59.11
MYANMAR,127.84,2014-02-01,137.31
PHILIPPINES,145.52,2014-02-01,51.38
SINGAPORE,450.03,2014-02-01,-53.32
THAILAND,279.64,2014-02-01,-24.84
VIETNAM SOC REP,453.49,2014-02-01,-2.34
BRUNEI,1.45,2014-03-01,-6.86
CAMBODIA,19.31,2014-03-01,101.76
INDONESIA,392.30,2014-03-01,-6.20
LAO PD RP,4.19,2014-03-01,116.23
MALAYSIA,276.19,2014-03-01,-59.11
MYANMAR,127.84,2014-03-01,137.31
PHILIPPINES,145.52,2014-03-01,51.38
SINGAPORE,450.03,2014-03-01,-53.32
THAILAND,279.64,2014-03-01,-24.84
VIETNAM SOC REP,453.49,2014-03-01,-2.34
BRUNEI,1.45,2014-04-01,-6.86
CAMBODIA,19.31,2014-04-01,101.76
INDONESIA,392.30,2014-04-01,-6.20
LAO PD RP,4.19,2014-04-01,116.23
MALAYSIA,276.19,2014-04-01,-59.11
MYANMAR,127.84,2014-04-01,137.31
PHILIPPINES,145.52,2014-04-01,51.38
SINGAPORE,450.03,2014-04-01,-53.32
THAILAND,279.64,2014-04-01,-24.84
VIETNAM SOC REP,453.49,2014-04-01,-2.34
BRUNEI,1.45,2014-05-01,-6.86
CAMBODIA,19.31,2014-05-01,101.76
INDONESIA,392.30,2014-05-01,-6.20
LAO PD RP,4.19,2014-05-01,116.23
MALAYSIA,276.19,2014-05-01,-59.11
MYANMAR,127.84,2014-05-01,137.31
PHILIPPINES,145.52,2014-05-01,51.38
SINGAPORE,450.03,2014-05-01,-53.32
THAILAND,279.64,2014-05-01,-24.84
VIETNAM SOC REP,453.49,2014-05-01,-2.34
BRUNEI,1.45,2014-06-01,-6.86
CAMBODIA,19.31,2014-06-01,101.76
INDONESIA,392.30,2014-06-01,-6.20
LAO PD RP,4.19,2014-06-01,116.23
MALAYSIA,276.19,2014-06-01,-59.11
MYANMAR,127.84,2014-06-01,137.31
PHILIPPINES,145.52,2014-06-01,51.38
SINGAPORE,450.03,2014-06-01,-53.32
THAILAND,279.64,2014-06-01,-24.84
VIETNAM SOC REP,453.49,2014-06-01,-2.34
BRUNEI,1.45,2014-07-01,-6.86
CAMBODIA,19.31,2014-07-01,101.76
INDONESIA,392.30,2014-07-01,-6.20
LAO PD RP,4.19,2014-07-01,116.23
MALAYSIA,276.19,2014-07-01,-59.11
MYANMAR,127.84,2014-07-01,137.31
PHILIPPINES,145.52,2014-07-01,51.38
SINGAPORE,450.03,2014-07-01,-53.32
THAILAND,279.64,2014-07-01,-24.84
VIETNAM SOC REP,453.49,2014-07-01,-2.34
BRUNEI,1.45,2014-08-01,-6.86
CAMBODIA,19.31,2014-08-01,101.76
INDONESIA,392.30,2014-08-01,-6.20
LAO PD RP,4.19,2014-08-01,116.23
MALAYSIA,276.19,2014-08-01,-59.11
MYANMAR,127.84,2014-08-01,137.31
PHILIPPINES,145.52,2014-08-01,51.38
SINGAPORE,450.03,2014-08-01,-53.32
THAILAND,279.64,2014-08-01,-24.84
VIETNAM SOC REP,453.49,2014-08-01,-2.34
BRUNEI,1.45,2014-09-01,-6.86
CAMBODIA,19.31,2014-09-01,101.76
INDONESIA,392.30,2014-09-01,-6.20
LAO PD RP,4.19,2014-09-01,116.23
MALAYSIA,276.19,2014-09-01,-59.11
MYANMAR,127.84,2014-09-01,137.31
PHILIPPINES,145.52,2014-09-01,51.38
SINGAPORE,450.03,2014-09-01,-53.32
THAILAND,279.64,2014-09-01,-24.84
VIETNAM SOC REP,453.49,2014-09-01,-2.34
BRUNEI,1.45,2014-10-01,-6.86
CAMBODIA,19.31,2014-10-01,101.76
INDONESIA,392.30,2014-10-01,-6.20
LAO PD RP,4.19,2014-10-01,116.23
MALAYSIA,276.19,2014-10-01,-59.11
MYANMAR,127.84,2014-10-01,137.31
PHILIPPINES,145.52,2014-10-01,51.38
SINGAPORE,450.03,2014-10-01,-53.32
THAILAND,279.64,2014-10-01,-24.84
VIETNAM SOC REP,453.49,2014-10-01,-2.34
BRUNEI,1.45,2014-11-01,-6.86
CAMBODIA,19.31,2014-11-01,101.76
INDONESIA,392.30,2014-11-01,-6.20
LAO PD RP,4.19,2014-11-01,116.23
MALAYSIA,276.19,2014-11-01,-59.11
MYANMAR,127.84,2014-11-01,137.31
PHILIPPINES,145.52,2014-11-01,51.38
SINGAPORE,450.03,2014-11-01,-53.32
THAILAND,279.64,2014-11-01,-24.84
VIETNAM SOC REP,453.49,2014-11-01,-2.34
BRUNEI,1.45,2014-12-01,-6.86
CAMBODIA,19.31,2014-12-01,101.76
INDONESIA,392.30,2014-12-01,-6.20
LAO PD RP,4.19,2014-12-01,116.23
MALAYSIA,276.19,2014-12-01,-59.11
MYANMAR,127.84,2014-12-01,137.31
PHILIPPINES,145.52,2014-12-01,51.38
SINGAPORE,450.03,2014-12-01,-53.32
THAILAND,279.64,2014-12-01,-24.84
VIETNAM SOC REP,453.49,2014-12-01,-2.34
BRUNEI,1.65,2015-01-01,13.89
CAMBODIA,13.63,2015-01-01,-29.45
INDONESIA,246.01,2015-01-01,-37.29
LAO PD RP,4.79,2015-01-01,14.43
MALAYSIA,305.74,2015-01-01,10.70
MYANMAR,64.46,2015-01-01,-49.58
PHILIPPINES,92.49,2015-01-01,-36.44
SINGAPORE,573.61,2015-01-01,27.46
THAILAND,318.69,2015-01-01,13.97
VIETNAM SOC REP,367.41,2015-01-01,-18.98
BRUNEI,1.65,2015-02-01,13.89
CAMBODIA,13.63,2015-02-01,-29.45
INDONESIA,246.01,2015-02-01,-37.29
LAO PD RP,4.79,2015-02-01,14.43
MALAYSIA,305.74,2015-02-01,10.70
MYANMAR,64.46,2015-02-01,-49.58
PHILIPPINES,92.49,2015-02-01,-36.44
SINGAPORE,573.61,2015-02-01,27.46
THAILAND,318.69,2015-02-01,13.97
VIETNAM SOC REP,367.41,2015-02-01,-18.98
BRUNEI,1.65,2015-03-01,13.89
CAMBODIA,13.63,2015-03-01,-29.45
INDONESIA,246.01,2015-03-01,-37.29
LAO PD RP,4.79,2015-03-01,14.43
MALAYSIA,305.74,2015-03-01,10.70
MYANMAR,64.46,2015-03-01,-49.58
PHILIPPINES,92.49,2015-03-01,-36.44
SINGAPORE,573.61,2015-03-01,27.46
THAILAND,318.69,2015-03-01,13.97
VIETNAM SOC REP,367.41,2015-03-01,-18.98
BRUNEI,1.65,2015-04-01,13.89
CAMBODIA,13.63,2015-04-01,-29.45
INDONESIA,246.01,2015-04-01,-37.29
LAO PD RP,4.79,2015-04-01,14.43
MALAYSIA,305.74,2015-04-01,10.70
MYANMAR,64.46,2015-04-01,-49.58
PHILIPPINES,92.49,2015-04-01,-36.44
SINGAPORE,573.61,2015-04-01,27.46
THAILAND,318.69,2015-04-01,13.97
VIETNAM SOC REP,367.41,2015-04-01,-18.98
BRUNEI,1.65,2015-05-01,13.89
CAMBODIA,13.63,2015-05-01,-29.45
INDONESIA,246.01,2015-05-01,-37.29
LAO PD RP,4.79,2015-05-01,14.43
MALAYSIA,305.74,2015-05-01,10.70
MYANMAR,64.46,2015-05-01,-49.58
PHILIPPINES,92.49,2015-05-01,-36.44
SINGAPORE,573.61,2015-05-01,27.46
THAILAND,318.69,2015-05-01,13.97
VIETNAM SOC REP,367.41,2015-05-01,-18.98
BRUNEI,1.65,2015-06-01,13.89
CAMBODIA,13.63,2015-06-01,-29.45
INDONESIA,246.01,2015-06-01,-37.29
LAO PD RP,4.79,2015-06-01,14.43
MALAYSIA,305.74,2015-06-01,10.70
MYANMAR,64.46,2015-06-01,-49.58
PHILIPPINES,92.49,2015-06-01,-36.44
SINGAPORE,573.61,2015-06-01,27.46
THAILAND,318.69,2015-06-01,13.97
VIETNAM SOC REP,367.41,2015-06-01,-18.98
BRUNEI,1.65,2015-07-01,13.89
CAMBODIA,13.63,2015-07-01,-29.45
INDONESIA,246.01,2015-07-01,-37.29
LAO PD RP,4.79,2015-07-01,14.43
MALAYSIA,305.74,2015-07-01,10.70
MYANMAR,64.46,2015-07-01,-49.58
PHILIPPINES,92.49,2015-07-01,-36.44
SINGAPORE,573.61,2015-07-01,27.46
THAILAND,318.69,2015-07-01,13.97
VIETNAM SOC REP,367.41,2015-07-01,-18.98
BRUNEI,1.65,2015-08-01,13.89
CAMBODIA,13.63,2015-08-01,-29.45
INDONESIA,246.01,2015-08-01,-37.29
LAO PD RP,4.79,2015-08-01,14.43
MALAYSIA,305.74,2015-08-01,10.70
MYANMAR,64.46,2015-08-01,-49.58
PHILIPPINES,92.49,2015-08-01,-36.44
SINGAPORE,573.61,2015-08-01,27.46
THAILAND,318.69,2015-08-01,13.97
VIETNAM SOC REP,367.41,2015-08-01,-18.98
BRUNEI,1.65,2015-09-01,13.89
CAMBODIA,13.63,2015-09-01,-29.45
INDONESIA,246.01,2015-09-01,-37.29
LAO PD RP,4.79,2015-09-01,14.43
MALAYSIA,305.74,2015-09-01,10.70
MYANMAR,64.46,2015-09-01,-49.58
PHILIPPINES,92.49,2015-09-01,-36.44
SINGAPORE,573.61,2015-09-01,27.46
THAILAND,318.69,2015-09-01,13.97
VIETNAM SOC REP,367.41,2015-09-01,-18.98
BRUNEI,1.65,2015-10-01,13.89
CAMBODIA,13.63,2015-10-01,-29.45
INDONESIA,246.01,2015-10-01,-37.29
LAO PD RP,4.79,2015-10-01,14.43
MALAYSIA,305.74,2015-10-01,10.70
MYANMAR,64.46,2015-10-01,-49.58
PHILIPPINES,92.49,2015-10-01,-36.44
SINGAPORE,573.61,2015-10-01,27.46
THAILAND,318.69,2015-10-01,13.97
VIETNAM SOC REP,367.41,2015-10-01,-18.98
BRUNEI,1.65,2015-11-01,13.89
CAMBODIA,13.63,2015-11-01,-29.45
INDONESIA,246.01,2015-11-01,-37.29
LAO PD RP,4.79,2015-11-01,14.43
MALAYSIA,305.74,2015-11-01,10.70
MYANMAR,64.46,2015-11-01,-49.58
PHILIPPINES,92.49,2015-11-01,-36.44
SINGAPORE,573.61,2015-11-01,27.46
THAILAND,318.69,2015-11-01,13.97
VIETNAM SOC REP,367.41,2015-11-01,-18.98
BRUNEI,1.65,2015-12-01,13.89
CAMBODIA,13.63,2015-12-01,-29.45
INDONESIA,246.01,2015-12-01,-37.29
LAO PD RP,4.79,2015-12-01,14.43
MALAYSIA,305.74,2015-12-01,10.70
MYANMAR,64.46,2015-12-01,-49.58
PHILIPPINES,92.49,2015-12-01,-36.44
SINGAPORE,573.61,2015-12-01,27.46
THAILAND,318.69,2015-12-01,13.97
VIETNAM SOC REP,367.41,2015-12-01,-18.98
BRUNEI,1.78,2016-01-01,7.81
CAMBODIA,10.57,2016-01-01,-22.44
INDONESIA,209.15,2016-01-01,-14.98
LAO PD RP,1.26,2016-01-01,-73.65
MALAYSIA,240.55,2016-01-01,-21.32
MYANMAR,132.90,2016-01-01,106.19
PHILIPPINES,104.71,2016-01-01,13.21
SINGAPORE,502.75,2016-01-01,-12.35
THAILAND,258.81,2016-01-01,-18.79
VIETNAM SOC REP,383.22,2016-01-01,4.30
BRUNEI,1.78,2016-02-01,7.81
CAMBODIA,10.57,2016-02-01,-22.44
INDONESIA,209.15,2016-02-01,-14.98
LAO PD RP,1.26,2016-02-01,-73.65
MALAYSIA,240.55,2016-02-01,-21.32
MYANMAR,132.90,2016-02-01,106.19
PHILIPPINES,104.71,2016-02-01,13.21
SINGAPORE,502.75,2016-02-01,-12.35
THAILAND,258.81,2016-02-01,-18.79
VIETNAM SOC REP,383.22,2016-02-01,4.30
BRUNEI,1.78,2016-03-01,7.81
CAMBODIA,10.57,2016-03-01,-22.44
INDONESIA,209.15,2016-03-01,-14.98
LAO PD RP,1.26,2016-03-01,-73.65
MALAYSIA,240.55,2016-03-01,-21.32
MYANMAR,132.90,2016-03-01,106.19
PHILIPPINES,104.71,2016-03-01,13.21
SINGAPORE,502.75,2016-03-01,-12.35
THAILAND,258.81,2016-03-01,-18.79
VIETNAM SOC REP,383.22,2016-03-01,4.30
BRUNEI,1.78,2016-04-01,7.81
CAMBODIA,10.57,2016-04-01,-22.44
INDONESIA,209.15,2016-04-01,-14.98
LAO PD RP,1.26,2016-04-01,-73.65
MALAYSIA,240.55,2016-04-01,-21.32
MYANMAR,132.90,2016-04-01,106.19
PHILIPPINES,104.71,2016-04-01,13.21
SINGAPORE,502.75,2016-04-01,-12.35
THAILAND,258.81,2016-04-01,-18.79
VIETNAM SOC REP,383.22,2016-04-01,4.30
BRUNEI,1.78,2016-05-01,7.81
CAMBODIA,10.57,2016-05-01,-22.44
INDONESIA,209.15,2016-05-01,-14.98
LAO PD RP,1.26,2016-05-01,-73.65
MALAYSIA,240.55,2016-05-01,-21.32
MYANMAR,132.90,2016-05-01,106.19
PHILIPPINES,104.71,2016-05-01,13.21
SINGAPORE,502.75,2016-05-01,-12.35
THAILAND,258.81,2016-05-01,-18.79
VIETNAM SOC REP,383.22,2016-05-01,4.30
BRUNEI,1.78,2016-06-01,7.81
CAMBODIA,10.57,2016-06-01,-22.44
INDONESIA,209.15,2016-06-01,-14.98
LAO PD RP,1.26,2016-06-01,-73.65
MALAYSIA,240.55,2016-06-01,-21.32
MYANMAR,132.90,2016-06-01,106.19
PHILIPPINES,104.71,2016-06-01,13.21
SINGAPORE,502.75,2016-06-01,-12.35
THAILAND,258.81,2016-06-01,-18.79
VIETNAM SOC REP,383.22,2016-06-01,4.30
BRUNEI,1.78,2016-07-01,7.81
CAMBODIA,10.57,2016-07-01,-22.44
INDONESIA,209.15,2016-07-01,-14.98
LAO PD RP,1.26,2016-07-01,-73.65
MALAYSIA,240.55,2016-07-01,-21.32
MYANMAR,132.90,2016-07-01,106.19
PHILIPPINES,104.71,2016-07-01,13.21
SINGAPORE,502.75,2016-07-01,-12.35
THAILAND,258.81,2016-07-01,-18.79
VIETNAM SOC REP,383.22,2016-07-01,4.30
BRUNEI,1.78,2016-08-01,7.81
CAMBODIA,10.57,2016-08-01,-22.44
INDONESIA,209.15,2016-08-01,-14.98
LAO PD RP,1.26,2016-08-01,-73.65
MALAYSIA,240.55,2016-08-01,-21.32
MYANMAR,132.90,2016-08-01,106.19
PHILIPPINES,104.71,2016-08-01,13.21
SINGAPORE,502.75,2016-08-01,-12.35
THAILAND,258.81,2016-08-01,-18.79
VIETNAM SOC REP,383.22,2016-08-01,4.30
BRUNEI,1.78,2016-09-01,7.81
CAMBODIA,10.57,2016-09-01,-22.44
INDONESIA,209.15,2016-09-01,-14.98
LAO PD RP,1.26,2016-09-01,-73.65
MALAYSIA,240.55,2016-09-01,-21.32
MYANMAR,132.90,2016-09-01,106.19
PHILIPPINES,104.71,2016-09-01,13.21
SINGAPORE,502.75,2016-09-01,-12.35
THAILAND,258.81,2016-09-01,-18.79
VIETNAM SOC REP,383.22,2016-09-01,4.30
BRUNEI,1.78,2016-10-01,7.81
CAMBODIA,10.57,2016-10-01,-22.44
INDONESIA,209.15,2016-10-01,-14.98
LAO PD RP,1.26,2016-10-01,-73.65
MALAYSIA,240.55,2016-10-01,-21.32
MYANMAR,132.90,2016-10-01,106.19
PHILIPPINES,104.71,2016-10-01,13.21
SINGAPORE,502.75,2016-10-01,-12.35
THAILAND,258.81,2016-10-01,-18.79
VIETNAM SOC REP,383.22,2016-10-01,4.30
BRUNEI,1.78,2016-11-01,7.81
CAMBODIA,10.57,2016-11-01,-22.44
INDONESIA,209.15,2016-11-01,-14.98
LAO PD RP,1.26,2016-11-01,-73.65
MALAYSIA,240.55,2016-11-01,-21.32
MYANMAR,132.90,2016-11-01,106.19
PHILIPPINES,104.71,2016-11-01,13.21
SINGAPORE,502.75,2016-11-01,-12.35
THAILAND,258.81,2016-11-01,-18.79
VIETNAM SOC REP,383.22,2016-11-01,4.30
BRUNEI,1.78,2016-12-01,7.81
CAMBODIA,10.57,2016-12-01,-22.44
INDONESIA,209.15,2016-12-01,-14.98
LAO PD RP,1.26,2016-12-01,-73.65
MALAYSIA,240.55,2016-12-01,-21.32
MYANMAR,132.90,2016-12-01,106.19
PHILIPPINES,104.71,2016-12-01,13.21
SINGAPORE,502.75,2016-12-01,-12.35
THAILAND,258.81,2016-12-01,-18.79
VIETNAM SOC REP,383.22,2016-12-01,4.30
BRUNEI,2.63,2017-01-01,47.46
CAMBODIA,8.06,2017-01-01,-23.71
INDONESIA,340.96,2017-01-01,63.03
LAO PD RP,0.69,2017-01-01,-44.98
MALAYSIA,390.63,2017-01-01,62.39
MYANMAR,115.52,2017-01-01,-13.08
PHILIPPINES,106.28,2017-01-01,1.50
SINGAPORE,"1,463.68",2017-01-01,191.13
THAILAND,299.92,2017-01-01,15.89
VIETNAM SOC REP,616.35,2017-01-01,60.84
BRUNEI,2.63,2017-02-01,47.46
CAMBODIA,8.06,2017-02-01,-23.71
INDONESIA,340.96,2017-02-01,63.03
LAO PD RP,0.69,2017-02-01,-44.98
MALAYSIA,390.63,2017-02-01,62.39
MYANMAR,115.52,2017-02-01,-13.08
PHILIPPINES,106.28,2017-02-01,1.50
SINGAPORE,"1,463.68",2017-02-01,191.13
THAILAND,299.92,2017-02-01,15.89
VIETNAM SOC REP,616.35,2017-02-01,60.84
BRUNEI,2.63,2017-03-01,47.46
CAMBODIA,8.06,2017-03-01,-23.71
INDONESIA,340.96,2017-03-01,63.03
LAO PD RP,0.69,2017-03-01,-44.98
MALAYSIA,390.63,2017-03-01,62.39
MYANMAR,115.52,2017-03-01,-13.08
PHILIPPINES,106.28,2017-03-01,1.50
SINGAPORE,"1,463.68",2017-03-01,191.13
THAILAND,299.92,2017-03-01,15.89
VIETNAM SOC REP,616.35,2017-03-01,60.84
BRUNEI,2.63,2017-04-01,47.46
CAMBODIA,8.06,2017-04-01,-23.71
INDONESIA,340.96,2017-04-01,63.03
LAO PD RP,0.69,2017-04-01,-44.98
MALAYSIA,390.63,2017-04-01,62.39
MYANMAR,115.52,2017-04-01,-13.08
PHILIPPINES,106.28,2017-04-01,1.50
SINGAPORE,"1,463.68",2017-04-01,191.13
THAILAND,299.92,2017-04-01,15.89
VIETNAM SOC REP,616.35,2017-04-01,60.84
BRUNEI,2.63,2017-05-01,47.46
CAMBODIA,8.06,2017-05-01,-23.71
INDONESIA,340.96,2017-05-01,63.03
LAO PD RP,0.69,2017-05-01,-44.98
MALAYSIA,390.63,2017-05-01,62.39
MYANMAR,115.52,2017-05-01,-13.08
PHILIPPINES,106.28,2017-05-01,1.50
SINGAPORE,"1,463.68",2017-05-01,191.13
THAILAND,299.92,2017-05-01,15.89
VIETNAM SOC REP,616.35,2017-05-01,60.84
BRUNEI,2.63,2017-06-01,47.46
CAMBODIA,8.06,2017-06-01,-23.71
INDONESIA,340.96,2017-06-01,63.03
LAO PD RP,0.69,2017-06-01,-44.98
MALAYSIA,390.63,2017-06-01,62.39
MYANMAR,115.52,2017-06-01,-13.08
PHILIPPINES,106.28,2017-06-01,1.50
SINGAPORE,"1,463.68",2017-06-01,191.13
THAILAND,299.92,2017-06-01,15.89
VIETNAM SOC REP,616.35,2017-06-01,60.84
BRUNEI,2.63,2017-07-01,47.46
CAMBODIA,8.06,2017-07-01,-23.71
INDONESIA,340.96,2017-07-01,63.03
LAO PD RP,0.69,2017-07-01,-44.98
MALAYSIA,390.63,2017-07-01,62.39
MYANMAR,115.52,2017-07-01,-13.08
PHILIPPINES,106.28,2017-07-01,1.50
SINGAPORE,"1,463.68",2017-07-01,191.13
THAILAND,299.92,2017-07-01,15.89
VIETNAM SOC REP,616.35,2017-07-01,60.84
BRUNEI,2.63,2017-08-01,47.46
CAMBODIA,8.06,2017-08-01,-23.71
INDONESIA,340.96,2017-08-01,63.03
LAO PD RP,0.69,2017-08-01,-44.98
MALAYSIA,390.63,2017-08-01,62.39
MYANMAR,115.52,2017-08-01,-13.08
PHILIPPINES,106.28,2017-08-01,1.50
SINGAPORE,"1,463.68",2017-08-01,191.13
THAILAND,299.92,2017-08-01,15.89
VIETNAM SOC REP,616.35,2017-08-01,60.84
BRUNEI,2.63,2017-09-01,47.46
CAMBODIA,8.06,2017-09-01,-23.71
INDONESIA,340.96,2017-09-01,63.03
LAO PD RP,0.69,2017-09-01,-44.98
MALAYSIA,390.63,2017-09-01,62.39
MYANMAR,115.52,2017-09-01,-13.08
PHILIPPINES,106.28,2017-09-01,1.50
SINGAPORE,"1,463.68",2017-09-01,191.13
THAILAND,299.92,2017-09-01,15.89
VIETNAM SOC REP,616.35,2017-09-01,60.84
BRUNEI,2.63,2017-10-01,47.46
CAMBODIA,8.06,2017-10-01,-23.71
INDONESIA,340.96,2017-10-01,63.03
LAO PD RP,0.69,2017-10-01,-44.98
MALAYSIA,390.63,2017-10-01,62.39
MYANMAR,115.52,2017-10-01,-13.08
PHILIPPINES,106.28,2017-10-01,1.50
SINGAPORE,"1,463.68",2017-10-01,191.13
THAILAND,299.92,2017-10-01,15.89
VIETNAM SOC REP,616.35,2017-10-01,60.84
BRUNEI,2.63,2017-11-01,47.46
CAMBODIA,8.06,2017-11-01,-23.71
INDONESIA,340.96,2017-11-01,63.03
LAO PD RP,0.69,2017-11-01,-44.98
MALAYSIA,390.63,2017-11-01,62.39
MYANMAR,115.52,2017-11-01,-13.08
PHILIPPINES,106.28,2017-11-01,1.50
SINGAPORE,"1,463.68",2017-11-01,191.13
THAILAND,299.92,2017-11-01,15.89
VIETNAM SOC REP,616.35,2017-11-01,60.84
BRUNEI,2.63,2017-12-01,47.46
CAMBODIA,8.06,2017-12-01,-23.71
INDONESIA,340.96,2017-12-01,63.03
LAO PD RP,0.69,2017-12-01,-44.98
MALAYSIA,390.63,2017-12-01,62.39
MYANMAR,115.52,2017-12-01,-13.08
PHILIPPINES,106.28,2017-12-01,1.50
SINGAPORE,"1,463.68",2017-12-01,191.13
THAILAND,299.92,2017-12-01,15.89
VIETNAM SOC REP,616.35,2017-12-01,60.84
BRUNEI,17.64,2018-01-01,571.53
CAMBODIA,10.77,2018-01-01,33.60
INDONESIA,339.65,2018-01-01,-0.38
LAO PD RP,1.15,2018-01-01,65.25
MALAYSIA,436.09,2018-01-01,11.64
MYANMAR,82.92,2018-01-01,-28.22
PHILIPPINES,145.33,2018-01-01,36.74
SINGAPORE,922.30,2018-01-01,-36.99
THAILAND,345.65,2018-01-01,15.25
VIETNAM SOC REP,481.86,2018-01-01,-21.82
BRUNEI,17.64,2018-02-01,571.53
CAMBODIA,10.77,2018-02-01,33.60
INDONESIA,339.65,2018-02-01,-0.38
LAO PD RP,1.15,2018-02-01,65.25
MALAYSIA,436.09,2018-02-01,11.64
MYANMAR,82.92,2018-02-01,-28.22
PHILIPPINES,145.33,2018-02-01,36.74
SINGAPORE,922.30,2018-02-01,-36.99
THAILAND,345.65,2018-02-01,15.25
VIETNAM SOC REP,481.86,2018-02-01,-21.82
BRUNEI,17.64,2018-03-01,571.53
CAMBODIA,10.77,2018-03-01,33.60
INDONESIA,339.65,2018-03-01,-0.38
LAO PD RP,1.15,2018-03-01,65.25
MALAYSIA,436.09,2018-03-01,11.64
MYANMAR,82.92,2018-03-01,-28.22
PHILIPPINES,145.33,2018-03-01,36.74
SINGAPORE,922.30,2018-03-01,-36.99
THAILAND,345.65,2018-03-01,15.25
VIETNAM SOC REP,481.86,2018-03-01,-21.82
BRUNEI,17.64,2018-04-01,571.53
CAMBODIA,10.77,2018-04-01,33.60
INDONESIA,339.65,2018-04-01,-0.38
LAO PD RP,1.15,2018-04-01,65.25
MALAYSIA,436.09,2018-04-01,11.64
MYANMAR,82.92,2018-04-01,-28.22
PHILIPPINES,145.33,2018-04-01,36.74
SINGAPORE,922.30,2018-04-01,-36.99
THAILAND,345.65,2018-04-01,15.25
VIETNAM SOC REP,481.86,2018-04-01,-21.82
BRUNEI,17.64,2018-05-01,571.53
CAMBODIA,10.77,2018-05-01,33.60
INDONESIA,339.65,2018-05-01,-0.38
LAO PD RP,1.15,2018-05-01,65.25
MALAYSIA,436.09,2018-05-01,11.64
MYANMAR,82.92,2018-05-01,-28.22
PHILIPPINES,145.33,2018-05-01,36.74
SINGAPORE,922.30,2018-05-01,-36.99
THAILAND,345.65,2018-05-01,15.25
VIETNAM SOC REP,481.86,2018-05-01,-21.82
BRUNEI,17.64,2018-06-01,571.53
CAMBODIA,10.77,2018-06-01,33.60
INDONESIA,339.65,2018-06-01,-0.38
LAO PD RP,1.15,2018-06-01,65.25
MALAYSIA,436.09,2018-06-01,11.64
MYANMAR,82.92,2018-06-01,-28.22
PHILIPPINES,145.33,2018-06-01,36.74
SINGAPORE,922.30,2018-06-01,-36.99
THAILAND,345.65,2018-06-01,15.25
VIETNAM SOC REP,481.86,2018-06-01,-21.82
BRUNEI,17.64,2018-07-01,571.53
CAMBODIA,10.77,2018-07-01,33.60
INDONESIA,339.65,2018-07-01,-0.38
LAO PD RP,1.15,2018-07-01,65.25
MALAYSIA,436.09,2018-07-01,11.64
MYANMAR,82.92,2018-07-01,-28.22
PHILIPPINES,145.33,2018-07-01,36.74
SINGAPORE,922.30,2018-07-01,-36.99
THAILAND,345.65,2018-07-01,15.25
VIETNAM SOC REP,481.86,2018-07-01,-21.82
BRUNEI,17.64,2018-08-01,571.53
CAMBODIA,10.77,2018-08-01,33.60
INDONESIA,339.65,2018-08-01,-0.38
LAO PD RP,1.15,2018-08-01,65.25
MALAYSIA,436.09,2018-08-01,11.64
MYANMAR,82.92,2018-08-01,-28.22
PHILIPPINES,145.33,2018-08-01,36.74
SINGAPORE,922.30,2018-08-01,-36.99
THAILAND,345.65,2018-08-01,15.25
VIETNAM SOC REP,481.86,2018-08-01,-21.82
BRUNEI,17.64,2018-09-01,571.53
CAMBODIA,10.77,2018-09-01,33.60
INDONESIA,339.65,2018-09-01,-0.38
LAO PD RP,1.15,2018-09-01,65.25
MALAYSIA,436.09,2018-09-01,11.64
MYANMAR,82.92,2018-09-01,-28.22
PHILIPPINES,145.33,2018-09-01,36.74
SINGAPORE,922.30,2018-09-01,-36.99
THAILAND,345.65,2018-09-01,15.25
VIETNAM SOC REP,481.86,2018-09-01,-21.82
BRUNEI,17.64,2018-10-01,571.53
CAMBODIA,10.77,2018-10-01,33.60
INDONESIA,339.65,2018-10-01,-0.38
LAO PD RP,1.15,2018-10-01,65.25
MALAYSIA,436.09,2018-10-01,11.64
MYANMAR,82.92,2018-10-01,-28.22
PHILIPPINES,145.33,2018-10-01,36.74
SINGAPORE,922.30,2018-10-01,-36.99
THAILAND,345.65,2018-10-01,15.25
VIETNAM SOC REP,481.86,2018-10-01,-21.82
BRUNEI,17.64,2018-11-01,571.53
CAMBODIA,10.77,2018-11-01,33.60
INDONESIA,339.65,2018-11-01,-0.38
LAO PD RP,1.15,2018-11-01,65.25
MALAYSIA,436.09,2018-11-01,11.64
MYANMAR,82.92,2018-11-01,-28.22
PHILIPPINES,145.33,2018-11-01,36.74
SINGAPORE,922.30,2018-11-01,-36.99
THAILAND,345.65,2018-11-01,15.25
VIETNAM SOC REP,481.86,2018-11-01,-21.82
BRUNEI,17.64,2018-12-01,571.53
CAMBODIA,10.77,2018-12-01,33.60
INDONESIA,339.65,2018-12-01,-0.38
LAO PD RP,1.15,2018-12-01,65.25
MALAYSIA,436.09,2018-12-01,11.64
MYANMAR,82.92,2018-12-01,-28.22
PHILIPPINES,145.33,2018-12-01,36.74
SINGAPORE,922.30,2018-12-01,-36.99
THAILAND,345.65,2018-12-01,15.25
VIETNAM SOC REP,481.86,2018-12-01,-21.82
BRUNEI,4.15,2019-01-01,-76.46
CAMBODIA,14.76,2019-01-01,37.03
INDONESIA,447.53,2019-01-01,31.76
LAO PD RP,3.13,2019-01-01,173.05
MALAYSIA,388.67,2019-01-01,-10.87
MYANMAR,67.49,2019-01-01,-18.61
PHILIPPINES,168.04,2019-01-01,15.62
SINGAPORE,830.76,2019-01-01,-9.93
THAILAND,346.88,2019-01-01,0.35
VIETNAM SOC REP,440.46,2019-01-01,-8.59
BRUNEI,4.15,2019-02-01,-76.46
CAMBODIA,14.76,2019-02-01,37.03
INDONESIA,447.53,2019-02-01,31.76
LAO PD RP,3.13,2019-02-01,173.05
MALAYSIA,388.67,2019-02-01,-10.87
MYANMAR,67.49,2019-02-01,-18.61
PHILIPPINES,168.04,2019-02-01,15.62
SINGAPORE,830.76,2019-02-01,-9.93
THAILAND,346.88,2019-02-01,0.35
VIETNAM SOC REP,440.46,2019-02-01,-8.59
BRUNEI,4.15,2019-03-01,-76.46
CAMBODIA,14.76,2019-03-01,37.03
INDONESIA,447.53,2019-03-01,31.76
LAO PD RP,3.13,2019-03-01,173.05
MALAYSIA,388.67,2019-03-01,-10.87
MYANMAR,67.49,2019-03-01,-18.61
PHILIPPINES,168.04,2019-03-01,15.62
SINGAPORE,830.76,2019-03-01,-9.93
THAILAND,346.88,2019-03-01,0.35
VIETNAM SOC REP,440.46,2019-03-01,-8.59
BRUNEI,4.15,2019-04-01,-76.46
CAMBODIA,14.76,2019-04-01,37.03
INDONESIA,447.53,2019-04-01,31.76
LAO PD RP,3.13,2019-04-01,173.05
MALAYSIA,388.67,2019-04-01,-10.87
MYANMAR,67.49,2019-04-01,-18.61
PHILIPPINES,168.04,2019-04-01,15.62
SINGAPORE,830.76,2019-04-01,-9.93
THAILAND,346.88,2019-04-01,0.35
VIETNAM SOC REP,440.46,2019-04-01,-8.59
BRUNEI,4.15,2019-05-01,-76.46
CAMBODIA,14.76,2019-05-01,37.03
INDONESIA,447.53,2019-05-01,31.76
LAO PD RP,3.13,2019-05-01,173.05
MALAYSIA,388.67,2019-05-01,-10.87
MYANMAR,67.49,2019-05-01,-18.61
PHILIPPINES,168.04,2019-05-01,15.62
SINGAPORE,830.76,2019-05-01,-9.93
THAILAND,346.88,2019-05-01,0.35
VIETNAM SOC REP,440.46,2019-05-01,-8.59
BRUNEI,4.15,2019-06-01,-76.46
CAMBODIA,14.76,2019-06-01,37.03
INDONESIA,447.53,2019-06-01,31.76
LAO PD RP,3.13,2019-06-01,173.05
MALAYSIA,388.67,2019-06-01,-10.87
MYANMAR,67.49,2019-06-01,-18.61
PHILIPPINES,168.04,2019-06-01,15.62
SINGAPORE,830.76,2019-06-01,-9.93
THAILAND,346.88,2019-06-01,0.35
VIETNAM SOC REP,440.46,2019-06-01,-8.59
BRUNEI,4.15,2019-07-01,-76.46
CAMBODIA,14.76,2019-07-01,37.03
INDONESIA,447.53,2019-07-01,31.76
LAO PD RP,3.13,2019-07-01,173.05
MALAYSIA,388.67,2019-07-01,-10.87
MYANMAR,67.49,2019-07-01,-18.61
PHILIPPINES,168.04,2019-07-01,15.62
SINGAPORE,830.76,2019-07-01,-9.93
THAILAND,346.88,2019-07-01,0.35
VIETNAM SOC REP,440.46,2019-07-01,-8.59
BRUNEI,4.15,2019-08-01,-76.46
CAMBODIA,14.76,2019-08-01,37.03
INDONESIA,447.53,2019-08-01,31.76
LAO PD RP,3.13,2019-08-01,173.05
MALAYSIA,388.67,2019-08-01,-10.87
MYANMAR,67.49,2019-08-01,-18.61
PHILIPPINES,168.04,2019-08-01,15.62
SINGAPORE,830.76,2019-08-01,-9.93
THAILAND,346.88,2019-08-01,0.35
VIETNAM SOC REP,440.46,2019-08-01,-8.59
BRUNEI,4.15,2019-09-01,-76.46
CAMBODIA,14.76,2019-09-01,37.03
INDONESIA,447.53,2019-09-01,31.76
LAO PD RP,3.13,2019-09-01,173.05
MALAYSIA,388.67,2019-09-01,-10.87
MYANMAR,67.49,2019-09-01,-18.61
PHILIPPINES,168.04,2019-09-01,15.62
SINGAPORE,830.76,2019-09-01,-9.93
THAILAND,346.88,2019-09-01,0.35
VIETNAM SOC REP,440.46,2019-09-01,-8.59
BRUNEI,4.15,2019-10-01,-76.46
CAMBODIA,14.76,2019-10-01,37.03
INDONESIA,447.53,2019-10-01,31.76
LAO PD RP,3.13,2019-10-01,173.05
MALAYSIA,388.67,2019-10-01,-10.87
MYANMAR,67.49,2019-10-01,-18.61
PHILIPPINES,168.04,2019-10-01,15.62
SINGAPORE,830.76,2019-10-01,-9.93
THAILAND,346.88,2019-10-01,0.35
VIETNAM SOC REP,440.46,2019-10-01,-8.59
BRUNEI,4.15,2019-11-01,-76.46
CAMBODIA,14.76,2019-11-01,37.03
INDONESIA,447.53,2019-11-01,31.76
LAO PD RP,3.13,2019-11-01,173.05
MALAYSIA,388.67,2019-11-01,-10.87
MYANMAR,67.49,2019-11-01,-18.61
PHILIPPINES,168.04,2019-11-01,15.62
SINGAPORE,830.76,2019-11-01,-9.93
THAILAND,346.88,2019-11-01,0.35
VIETNAM SOC REP,440.46,2019-11-01,-8.59
BRUNEI,4.15,2019-12-01,-76.46
CAMBODIA,14.76,2019-12-01,37.03
INDONESIA,447.53,2019-12-01,31.76
LAO PD RP,3.13,2019-12-01,173.05
MALAYSIA,388.67,2019-12-01,-10.87
MYANMAR,67.49,2019-12-01,-18.61
PHILIPPINES,168.04,2019-12-01,15.62
SINGAPORE,830.76,2019-12-01,-9.93
THAILAND,346.88,2019-12-01,0.35
VIETNAM SOC REP,440.46,2019-12-01,-8.59
BRUNEI,8.45,2020-01-01,103.42
CAMBODIA,12.47,2020-01-01,-15.55
INDONESIA,765.75,2020-01-01,71.11
LAO PD RP,2.01,2020-01-01,-35.82
MALAYSIA,632.10,2020-01-01,62.63
MYANMAR,77.08,2020-01-01,14.22
PHILIPPINES,133.63,2020-01-01,-20.48
SINGAPORE,681.42,2020-01-01,-17.98
THAILAND,376.99,2020-01-01,8.68
VIETNAM SOC REP,345.70,2020-01-01,-21.51
BRUNEI,8.45,2020-02-01,103.42
CAMBODIA,12.47,2020-02-01,-15.55
INDONESIA,765.75,2020-02-01,71.11
LAO PD RP,2.01,2020-02-01,-35.82
MALAYSIA,632.10,2020-02-01,62.63
MYANMAR,77.08,2020-02-01,14.22
PHILIPPINES,133.63,2020-02-01,-20.48
SINGAPORE,681.42,2020-02-01,-17.98
THAILAND,376.99,2020-02-01,8.68
VIETNAM SOC REP,345.70,2020-02-01,-21.51
BRUNEI,8.45,2020-03-01,103.42
CAMBODIA,12.47,2020-03-01,-15.55
INDONESIA,765.75,2020-03-01,71.11
LAO PD RP,2.01,2020-03-01,-35.82
MALAYSIA,632.10,2020-03-01,62.63
MYANMAR,77.08,2020-03-01,14.22
PHILIPPINES,133.63,2020-03-01,-20.48
SINGAPORE,681.42,2020-03-01,-17.98
THAILAND,376.99,2020-03-01,8.68
VIETNAM SOC REP,345.70,2020-03-01,-21.51
BRUNEI,8.45,2020-04-01,103.42
CAMBODIA,12.47,2020-04-01,-15.55
INDONESIA,765.75,2020-04-01,71.11
LAO PD RP,2.01,2020-04-01,-35.82
MALAYSIA,632.10,2020-04-01,62.63
MYANMAR,77.08,2020-04-01,14.22
PHILIPPINES,133.63,2020-04-01,-20.48
SINGAPORE,681.42,2020-04-01,-17.98
THAILAND,376.99,2020-04-01,8.68
VIETNAM SOC REP,345.70,2020-04-01,-21.51
BRUNEI,8.45,2020-05-01,103.42
CAMBODIA,12.47,2020-05-01,-15.55
INDONESIA,765.75,2020-05-01,71.11
LAO PD RP,2.01,2020-05-01,-35.82
MALAYSIA,632.10,2020-05-01,62.63
MYANMAR,77.08,2020-05-01,14.22
PHILIPPINES,133.63,2020-05-01,-20.48
SINGAPORE,681.42,2020-05-01,-17.98
THAILAND,376.99,2020-05-01,8.68
VIETNAM SOC REP,345.70,2020-05-01,-21.51
BRUNEI,8.45,2020-06-01,103.42
CAMBODIA,12.47,2020-06-01,-15.55
INDONESIA,765.75,2020-06-01,71.11
LAO PD RP,2.01,2020-06-01,-35.82
MALAYSIA,632.10,2020-06-01,62.63
MYANMAR,77.08,2020-06-01,14.22
PHILIPPINES,133.63,2020-06-01,-20.48
SINGAPORE,681.42,2020-06-01,-17.98
THAILAND,376.99,2020-06-01,8.68
VIETNAM SOC REP,345.70,2020-06-01,-21.51
BRUNEI,8.45,2020-07-01,103.42
CAMBODIA,12.47,2020-07-01,-15.55
INDONESIA,765.75,2020-07-01,71.11
LAO PD RP,2.01,2020-07-01,-35.82
MALAYSIA,632.10,2020-07-01,62.63
MYANMAR,77.08,2020-07-01,14.22
PHILIPPINES,133.63,2020-07-01,-20.48
SINGAPORE,681.42,2020-07-01,-17.98
THAILAND,376.99,2020-07-01,8.68
VIETNAM SOC REP,345.70,2020-07-01,-21.51
BRUNEI,8.45,2020-08-01,103.42
CAMBODIA,12.47,2020-08-01,-15.55
INDONESIA,765.75,2020-08-01,71.11
LAO PD RP,2.01,2020-08-01,-35.82
MALAYSIA,632.10,2020-08-01,62.63
MYANMAR,77.08,2020-08-01,14.22
PHILIPPINES,133.63,2020-08-01,-20.48
SINGAPORE,681.42,2020-08-01,-17.98
THAILAND,376.99,2020-08-01,8.68
VIETNAM SOC REP,345.70,2020-08-01,-21.51
BRUNEI,8.45,2020-09-01,103.42
CAMBODIA,12.47,2020-09-01,-15.55
INDONESIA,765.75,2020-09-01,71.11
LAO PD RP,2.01,2020-09-01,-35.82
MALAYSIA,632.10,2020-09-01,62.63
MYANMAR,77.08,2020-09-01,14.22
PHILIPPINES,133.63,2020-09-01,-20.48
SINGAPORE,681.42,2020-09-01,-17.98
THAILAND,376.99,2020-09-01,8.68
VIETNAM SOC REP,345.70,2020-09-01,-21.51
BRUNEI,8.45,2020-10-01,103.42
CAMBODIA,12.47,2020-10-01,-15.55
INDONESIA,765.75,2020-10-01,71.11
LAO PD RP,2.01,2020-10-01,-35.82
MALAYSIA,632.10,2020-10-01,62.63
MYANMAR,77.08,2020-10-01,14.22
PHILIPPINES,133.63,2020-10-01,-20.48
SINGAPORE,681.42,2020-10-01,-17.98
THAILAND,376.99,2020-10-01,8.68
VIETNAM SOC REP,345.70,2020-10-01,-21.51
BRUNEI,8.45,2020-11-01,103.42
CAMBODIA,12.47,2020-11-01,-15.55
INDONESIA,765.75,2020-11-01,71.11
LAO PD RP,2.01,2020-11-01,-35.82
MALAYSIA,632.10,2020-11-01,62.63
MYANMAR,77.08,2020-11-01,14.22
PHILIPPINES,133.63,2020-11-01,-20.48
SINGAPORE,681.42,2020-11-01,-17.98
THAILAND,376.99,2020-11-01,8.68
VIETNAM SOC REP,345.70,2020-11-01,-21.51
BRUNEI,8.45,2020-12-01,103.42
CAMBODIA,12.47,2020-12-01,-15.55
INDONESIA,765.75,2020-12-01,71.11
LAO PD RP,2.01,2020-12-01,-35.82
MALAYSIA,632.10,2020-12-01,62.63
MYANMAR,77.08,2020-12-01,14.22
PHILIPPINES,133.63,2020-12-01,-20.48
SINGAPORE,681.42,2020-12-01,-17.98
THAILAND,376.99,2020-12-01,8.68
VIETNAM SOC REP,345.70,2020-12-01,-21.51
